,city,comp_size,company,industry,open_jobs,url,address
0,Budapest,közép,Converzum - a nyelvi közösségi tér,Oktatás,1,https://dreamjo.bs/hu/company/converzum-a-nyelvi-kozossegi-ter,"Budapest, Lajos u. 11-15, 1023 Magyarország"
1,Budapest,mikro,The WorkLife Company,"Emberi erőforrás, HR",2,https://dreamjo.bs/hu/company/the-worklife-company,"Budapest, Bem József u. 6, 1027 Magyarország"
2,Budapest,kis,APFM-Systems,Szoftverfejlesztés,0,https://dreamjo.bs/hu/company/apfm-systems,"Budapest, Kacsa u., 1027 Magyarország"
3,Budapest,közép,Webtown,Szoftverfejlesztés,2,https://dreamjo.bs/hu/company/webtown,"Budapest, Hauszmann Alajos u. 3b, 1117 Magyarország"
4,Budapest,mikro,Brokerchooser,"Pénzügy, Könyvelés",0,https://dreamjo.bs/hu/company/brokerchooser,"Budapest, Nádor u. 9, 1051 Hungary, Central European University"
5,Budapest,kis,Engame Academy,Oktatás,5,https://dreamjo.bs/hu/company/engame-academy,"Budapest, Bajcsy-Zsilinszky út 50, 1054 Magyarország"
6,Budapest,kis,Braining HUB,Oktatás,2,https://dreamjo.bs/hu/company/braining-hub,"Budapest, 1133 Hungary, Gogol utca"
7,Budapest,mikro,AXING Kft,"Mérnöki, Műszaki",1,https://dreamjo.bs/hu/company/axing-kft,"Budapest, Major u. 67, 1119 Magyarország"
8,Budapest,kis,Budapest Residence Property Management,Utazás és Vendéglátás,0,https://dreamjo.bs/hu/company/budapest-residence-property-management,"Budapest, Jókai tér 3, 1061 Magyarország"
9,Kecskemét,mikro,PamutLabor,Gyártás,1,https://dreamjo.bs/hu/company/pamutlabor,"Kecskemét, Szolnoki út 23, 6000 Hungary"
10,Budapest,mikro,H2Online Kft.,Kommunikáció és Marketing,0,https://dreamjo.bs/hu/company/h2online-kft,"Budapest, Erzsébet királyné útja 112, 1142 Magyarország"
11,Budapest,kis,Integral Vision,Szoftverfejlesztés,1,https://dreamjo.bs/hu/company/integral-vision,"Budapest, Árpád út 51, 1042 Hungary"
12,Budapest,kis,Monster Code,Szoftverfejlesztés,8,https://dreamjo.bs/hu/company/monster-code,"Budapest, Váci út 49, 1134 Magyarország"
13,Budapest,nagy,Accedo.tv,"Szórakoztatás, Kikapcsolódás",2,https://dreamjo.bs/hu/company/accedotv,"Budapest, Bajnok u. 13, 1063 Magyarország"
14,Budapest,kis,BREWIE,Gyártás,1,https://dreamjo.bs/hu/company/brewie,"Budapest, Orczy út 4, 1089 Hungary"
15,Budapest,kis,Nexius Learning,Szoftverfejlesztés,2,https://dreamjo.bs/hu/company/nexius-learning,"Budapest, Hauszmann Alajos u. 3, 1116 Hungary"
16,Budapest,közép,Dolphio Technologies,Szoftverfejlesztés,0,https://dreamjo.bs/hu/company/dolphio-technologies,"Budapest, Soroksári út 48, 1095 Magyarország"
17,Budapest,mikro,CLINCH Kft,"Pénzügy, Könyvelés",0,https://dreamjo.bs/hu/company/clinch-kft,"Budapest, Márton u. 23-25, 1094 Magyarország"
18,Budapest,kis,DreamJo.bs,"Emberi erőforrás, HR",1,https://dreamjo.bs/hu/company/dreamjobs,"Budapest, Királyi Pál u. 18, 1053 Hungary"
19,Budapest,közép,Grabarics Építőipari Kft. ,"Mérnöki, Műszaki",0,https://dreamjo.bs/hu/company/grabarics-epitoipari-kft,"Budapest, Reáltanoda utca 5, 1053 Magyarország"
20,Székesfehérvár,mikro,X-Plast ,"Mérnöki, Műszaki",0,https://dreamjo.bs/hu/company/x-plast,"Székesfehérvár, Széchenyi u. 19, 8000 Magyarország"
21,Budapest,kis,Eleven,Gyártás,0,https://dreamjo.bs/hu/company/eleven-kft,"Budapest, Törökkő u. 5, 1037 Magyarország"
22,Budapest,kis,TOPdesk,Szoftverfejlesztés,0,https://dreamjo.bs/hu/company/topdesk,"Budapest, Váci u. 81, 1056 Magyarország"
23,Budapest,mikro,iREMS International AG,Szoftverfejlesztés,1,https://dreamjo.bs/hu/company/irems-international-ag,"Budapest, Ruszti út 1, 1022 Hungary"
24,Szeged,kis,INU Digital,Szoftverfejlesztés,0,https://dreamjo.bs/hu/company/inu-it-services,"Szeged, Szentháromság u. 8, 6722 Magyarország"
25,Budapest,mikro,xLabs Hungary Kft.,Oktatás,0,https://dreamjo.bs/hu/company/xlabs-hungary-kft,"Budapest, Madách Imre tér 11, 1075 Magyarország"
26,Budapest,kis,Webshippy Fulfillments,"Ügyfélszolgálat, Terméktámogatás",0,https://dreamjo.bs/hu/company/webshippy-fulfillments,"Budapest, Ezred u. 2, 1044 Magyarország"
27,Budapest,kis,Pulilab,Szoftverfejlesztés,0,https://dreamjo.bs/hu/company/pulilab,"Budapest, Stollár Béla u. 3a, 1055 Hungary"
28,Budapest,közép,Hiflylabs,"Ügyfélszolgálat, Terméktámogatás",0,https://dreamjo.bs/hu/company/hiflylabs,"Budapest, Bartók Béla út 15a, 1114 Magyarország"
29,Budapest,közép,ShiwaForce.com Zrt.,Szoftverfejlesztés,0,https://dreamjo.bs/hu/company/shiwaforcecom-zrt,"Budapest, Alkotás u. 17, 1123 Magyarország"
30,Székesfehérvár,mikro,L_IW digital agency,Kommunikáció és Marketing,0,https://dreamjo.bs/hu/company/l-iw-digital-agency,"Székesfehérvár, Tobak u. 10, 8000 Magyarország"
31,Várpalota,mikro,Szabó Krisztián Sakkiskola,Oktatás,0,https://dreamjo.bs/hu/company/szabo-krisztian-sakkiskola,"Várpalota, Bakony u. 10, 8100 Hungary"
32,Szeged,nagy,Pick Szeged,Gyártás,0,https://dreamjo.bs/hu/company/pick-szeged-zrt,"Szeged, Szabadkai út 18, 6729 Magyarország"
33,Budapest,kis,Omixon Biocomputing Kft,Kutatás-fejlesztés,0,https://dreamjo.bs/hu/company/omixon-biocomputing-kft,"Budapest, Fehérvári út 50-52, 1117 Hungary"
34,Szeged,kis,Hunnect,"Ügyfélszolgálat, Terméktámogatás",0,https://dreamjo.bs/hu/company/hunnect,"Szeged, Szabadkai út 9, 6729 Magyarország"
35,Budapest,nagy,EPAM,Szoftverfejlesztés,0,https://dreamjo.bs/hu/company/epam,"Budapest, Futó u. 47, 1082 Magyarország"
36,Budapest,közép,3DHISTECH Kft.,"Mérnöki, Műszaki",0,https://dreamjo.bs/hu/company/3dhistech-kft,"Budapest, Öv u. 3, 1141 Hungary"
37,Budapest,mikro,Fellowes Hungary,"Ügyfélszolgálat, Terméktámogatás",0,https://dreamjo.bs/hu/company/fellowes-hungary-kft,"Budapest, Róbert Károly krt. 82, 1134 Magyarország"
38,Újszentiván,kis,Faktum Bababútor,Gyártás,0,https://dreamjo.bs/hu/company/faktum-bababutor,"Újszentiván, Szigeti út 15, 6754 Magyarország"
39,Budapest,kis,Umbrella Kreatív Műhely,Kommunikáció és Marketing,0,https://dreamjo.bs/hu/company/umbrella-kreativ-muhely-kft,"Budapest, Perc u. 2, 1036 Magyarország"
40,Budapest,kis,Intellyo,Telekommunikáció és Média,0,https://dreamjo.bs/hu/company/intellyo,"Budapest, Pannónia u. 32, 1136 Hungary"
41,Szeged,kis,Healcloud,Egészségügy,0,https://dreamjo.bs/hu/company/healcloud,"Budapest, Andrássy út 7, 1061 Magyarország"
42,Debrecen,kis,SignAll,Szoftverfejlesztés,0,https://dreamjo.bs/hu/company/signall,"Budapest, Soroksári út 48, 1095 Magyarország"
43,Budapest,mikro,Secretcube and more,Szoftverfejlesztés,0,https://dreamjo.bs/hu/company/secretcube-and-more,"Budapest, Budakeszi út 5, 1021 Hungary"
44,Budapest,kis,Watsing,"Pénzügy, Könyvelés",0,https://dreamjo.bs/hu/company/ms-watsing-selected-kft,"Budapest, Stefánia út 77, 1143 Magyarország"
45,Budapest,kis,Karrier Hungária,"Emberi erőforrás, HR",0,https://dreamjo.bs/hu/company/karrier-hungaria,"Budapest, Madách Imre út 13, 1075 Magyarország"
46,Budapest,kis,Secret Sauce Partners,eCommerce,0,https://dreamjo.bs/hu/company/secret-sauce-partners,"Budapest, Szép u. 4, 1053 Magyarország"
47,Fertőszentmiklós,kis,Feki Webstudio,Szoftverfejlesztés,0,https://dreamjo.bs/hu/company/feki-webstudio,"Fertőszentmiklós, Petőfi Sándor u. 44, 9444 Magyarország"
48,Budapest,nagy,Central European University,Oktatás,0,https://dreamjo.bs/hu/company/central-european-university,"Budapest, Central European University (CEU), Nádor u. 9, 1051 Hungary"
49,Pécs,mikro,Y-shift,Kommunikáció és Marketing,0,https://dreamjo.bs/hu/company/y-shift,"Pécs, Kazinczy u. 2, 7621 Magyarország"
50,Budapest,mikro,growthCTRL,Üzlet és Menedzsment,0,https://dreamjo.bs/hu/company/growthctrl,"Budapest, Budafoki út 209-215, 1117 Magyarország"
51,Budapest,kis,E-Radius,Szoftverfejlesztés,0,https://dreamjo.bs/hu/company/e-radius-kft,"Budapest, Késmárk u. 14, 1158 Magyarország"
52,Szombathely,kis,Be-novative,Üzlet és Menedzsment,0,https://dreamjo.bs/hu/company/be-novative,"Budapest, Nádor u. 26, 1051 Hungary"
53,Budapest,mikro,ArtOfInfo,Szoftverfejlesztés,2,https://dreamjo.bs/hu/company/artofinfo-kft,"Budapest, Tüzér u. 30, 1134 Magyarország"
54,Budapest,kis,Webb & Flow,Szoftverfejlesztés,0,https://dreamjo.bs/hu/company/webb-flow-ltd,"Budapest, Dessewffy u. 18-20, 1066 Magyarország"
55,Budapest,kis,Coding Sans,Szoftverfejlesztés,0,https://dreamjo.bs/hu/company/coding-sans,"Budapest, Arany János u. 10, 1051 Magyarország"
56,Budapest,nagy,Vodafone Magyarország,Telekommunikáció és Média,0,https://dreamjo.bs/hu/company/vodafone-magyarorszag,"Budapest, Lechner Ödön fasor 6, 1095 Hungary"
57,Budapest,mikro,Sybrillo,"Mérnöki, Műszaki",0,https://dreamjo.bs/hu/company/sybrillo,"Budapest, Soroksári út 48, 1095 Hungary"
58,Budapest,kis,Progressive Reklámügynökség,Kommunikáció és Marketing,0,https://dreamjo.bs/hu/company/progressive-reklamuegynoekseg,"Budapest, Skála Metró Irodaház, Nyugati tér 1, 1066 Magyarország"
59,Budapest,kis,Metropolitan Homes Budapest,"Ingatlan, Építőipar",0,https://dreamjo.bs/hu/company/metropolitan-homes-budapest,"Budapest, Zoltán u. 13, 1054 Hungary"
60,Esztergom,kis,EVB Építő Kft.,"Ingatlan, Építőipar",0,https://dreamjo.bs/hu/company/evb-epito-kft,"Esztergom, Honvéd u. 54, 2500 Hungary"
61,Budapest,nagy,Dealogic,Szoftverfejlesztés,0,https://dreamjo.bs/hu/company/dealogic,"Budapest, Teréz krt. 55, 1062 Magyarország"
62,Budapest,kis,CX-Ray,Kutatás-fejlesztés,0,https://dreamjo.bs/hu/company/cx-ray,"Budapest, Pauler u. 1, 1013 Magyarország"
63,Szeged,mikro,Capturly,Szoftverfejlesztés,0,https://dreamjo.bs/hu/company/capturly,"Szeged, Mérey u. 12, 6722 Magyarország"
64,Budapest,közép,Bortársaság,Élelmiszer és Gasztronómia,0,https://dreamjo.bs/hu/company/bortarsasag,"Budapest, Kőérberki út 36, 1112 Magyarország"
65,Budapest,kis,Infogroup,"Ingatlan, Építőipar",0,https://dreamjo.bs/hu/company/infogroup,"Budapest, Bartók Béla út 105, 1115 Magyarország"
66,Pécs,mikro,DevMads,Szoftverfejlesztés,0,https://dreamjo.bs/hu/company/devmads,"Pécs, Koller u. 7, 7626 Hungary"
67,Budapest,közép,Capgemini Magyarország,Üzlet és Menedzsment,0,https://dreamjo.bs/hu/company/capgemini-magyarorszag-kft,"Budapest, Rétköz u. 5, 1118 Magyarország"
68,Budaörs,mikro,budlegal,Jog,0,https://dreamjo.bs/hu/company/budlegal,"Budaörs, Puskás Tivadar út 14, 2040 Magyarország"
69,Budapest,közép,AImotive,Szoftverfejlesztés,0,https://dreamjo.bs/hu/company/aimotive,"Budapest, Szépvölgyi út 22, 1025 Hungary"
70,Budapest,kis,4Choice,Kutatás-fejlesztés,0,https://dreamjo.bs/hu/company/4choice-ltd,"Budapest, Vérhalom u. 12, 1025 Hungary"
71,Budapest,kis,Doctusoft,Szoftverfejlesztés,0,https://dreamjo.bs/hu/company/doctusoft,"Budapest, Gizella út 42, 1143 Magyarország"
72,Budapest,közép,Mellow Mood Invest,Utazás és Vendéglátás,0,https://dreamjo.bs/hu/company/mellow-mood-invest,"Budapest, Váci u. 34, 1052 Magyarország"
73,Budapest,kis,Atmosplay,Szoftverfejlesztés,1,https://dreamjo.bs/hu/company/atmosplay,"Budapest, Egry József u. 18, 1111 Hungary"
74,Budapest,kis,RisingStack,Szoftverfejlesztés,0,https://dreamjo.bs/hu/company/risingstack,"Budapest, Vármegye u. 3, 1052 Hungary"
75,Budapest,kis,Corpus Communications,Kommunikáció és Marketing,0,https://dreamjo.bs/hu/company/corpus-communications,"Budapest, Csatárka utca 82, 1025 Magyarország"
76,Budapest,kis,Kinnarps Hungary Kft.,"Ingatlan, Építőipar",0,https://dreamjo.bs/hu/company/kinnarps-hungary-kft,"Budapest, Váci út 92, 1133 Magyarország"
77,Budapest,kis,Booom.,Design,0,https://dreamjo.bs/hu/company/booom,"Budapest, Andrássy út 66, 1062 Magyarország"
78,Budapest,kis,Pressinform,Kommunikáció és Marketing,1,https://dreamjo.bs/hu/company/pressinform,"Budapest, Fő u. 75, 1027 Magyarország"
79,Pécs,kis,Webstar Csoport Kft.,"Pénzügy, Könyvelés",0,https://dreamjo.bs/hu/company/webstar-csoport-kft,"Pécs, Majorossy Imre u. 36, 7625 Hungary"
80,Szekszárd,közép,Marley Magyarország,Gyártás,0,https://dreamjo.bs/hu/company/marley-magyarorszag,"Szekszárd, Palánki út 6, 7100 Magyarország"
81,Budapest,kis,CodeBerry School,Oktatás,0,https://dreamjo.bs/hu/company/codeberry-school,"Budapest, Fehérvári út 149, 1119 Magyarország"
82,Malibu,mikro,PadSwiper,"Ingatlan, Építőipar",0,https://dreamjo.bs/hu/company/padswiper,"850 2nd St, Santa Monica, CA 90403, USA"
83,Tököl,közép,Fitting-Ker,Gyártás,0,https://dreamjo.bs/hu/company/fitting-ker,"Tököl, Vince tanya, 034/49. hrsz., 2316 Magyarország, Fitting-Ker Kft."
84,Budapest,kis,Enloyd Kft.,"Emberi erőforrás, HR",0,https://dreamjo.bs/hu/company/enloyd-kft,"Budapest, Kiss János altábornagy u. 32, 1194 Hungary"
85,Győr,kis,DIADEM® APP Kft.,"Ingatlan, Építőipar",0,https://dreamjo.bs/hu/company/diadem-app-kft,"Győr, Fehérvári út 75, 9028 Magyarország, APP Kft."
86,Budapest,mikro,Angloville,Oktatás,0,https://dreamjo.bs/hu/company/angloville,"Budapest, Soroksári út 48, 1095 Magyarország"
87,Bonyhád,mikro,SmartWare.tech,Egyéb,0,https://dreamjo.bs/hu/company/smartwaretech,"Bonyhád, Kossuth Lajos u. 65, 7150 Hungary"
88,Budapest,közép,Nextent Informatika,Szoftverfejlesztés,0,https://dreamjo.bs/hu/company/nextent-informatika-zrt,"Budapest, Madarász Viktor u. 47, 1138 Hungary"
89,Budapest,közép,CompuTREND ,Egyéb,0,https://dreamjo.bs/hu/company/computrend,"Budapest, Fehérvári út 84a, 1119 Magyarország"
90,Budapest,mikro,Bioscreen ,Egészségügy,0,https://dreamjo.bs/hu/company/bioscreen-ltd,"Budapest, Corvin sétány 1, 1082 Magyarország"
91,Budapest,közép,ULYSSYS,Szoftverfejlesztés,0,https://dreamjo.bs/hu/company/ulyssys,"Budapest, Lövőház u. 39, 1024 Magyarország"
92,Budapest,kis,Kinsta,"Ügyfélszolgálat, Terméktámogatás",0,https://dreamjo.bs/hu/company/kinsta,"Budapest, Andrássy út 7, 1061 Hungary"
93,Budapest,közép,Geometria,Szoftverfejlesztés,0,https://dreamjo.bs/hu/company/geometria,"Budapest, Medve u. 17, 1027 Magyarország"
94,Pécs,kis,Games for Business,Szoftverfejlesztés,0,https://dreamjo.bs/hu/company/games-for-business,"Pécs, Móré Fülöp u. 33, 7623 Magyarország"
95,Budapest,mikro,Boomla,Szoftverfejlesztés,0,https://dreamjo.bs/hu/company/boomla,"Budapest, Hársfa u. 5-7, 1074 Hungary"
96,Budapest,kis,Carussel,Kommunikáció és Marketing,2,https://dreamjo.bs/hu/company/carussel,"Budapest, Lajos u. 28, 1023 Magyarország"
97,Budapest,közép,ChemAxon,Kutatás-fejlesztés,0,https://dreamjo.bs/hu/company/chemaxon,"Budapest, Záhony u. 7, 1031 Magyarország"
98,Budapest,mikro,FitRadio,Telekommunikáció és Média,0,https://dreamjo.bs/hu/company/fitradio-kft,"Budapest, Bojtár u. 17, 1037 Magyarország"
99,Budapest,mikro,JóSzaki,"Ügyfélszolgálat, Terméktámogatás",0,https://dreamjo.bs/hu/company/joszaki,"Budapest, Andrássy út 66, 1062 Hungary"
100,London,kis,Prefixbox,eCommerce,1,https://dreamjo.bs/hu/company/prefixbox,"Budapest, Visegrádi u. 31, 1132 Hungary"
101,Budapest,kis,Ultimate e-bike,Gyártás,0,https://dreamjo.bs/hu/company/ultimate-e-bike,"Budapest, Ó u. 6, 1066 Magyarország"
102,Budapest,kis,Easyling,Szoftverfejlesztés,0,https://dreamjo.bs/hu/company/easyling,"Budapest, Gálya u. 6, 1093 Magyarország"
103,Budapest,kis,Penates Invest,"Ingatlan, Építőipar",0,https://dreamjo.bs/hu/company/penates-invest,"Budapest, Csalitos út 15, 1213 Magyarország"
104,Budapest,kis,AB Consulting Zrt.,Szoftverfejlesztés,0,https://dreamjo.bs/hu/company/ab-consulting-zrt,"Budapest, Petzvál József u. 56, 1119 Magyarország"
105,Budapest,kis,Klikkmánia,Kommunikáció és Marketing,0,https://dreamjo.bs/hu/company/klikkmania,"Budapest, Andrássy út 36, 1061 Magyarország"
106,Budapest,kis,Buffered,"Ügyfélszolgálat, Terméktámogatás",0,https://dreamjo.bs/hu/company/buffered,"Budapest, Paulay Ede u. 55, 1061 Magyarország"
107,Budapest,mikro,The Medical Futurist,Egészségügy,0,https://dreamjo.bs/hu/company/the-medical-futurist,"Budapest, Povl Bang-Jensen u. 2, 1118 Hungary"
108,Budapest,mikro,SEON Technologies,Szoftverfejlesztés,0,https://dreamjo.bs/hu/company/seon-technologies,"Budapest, Pannónia u. 32, 1136 Hungary"
109,Budapest,kis,Serendi SA,"Ügyfélszolgálat, Terméktámogatás",0,https://dreamjo.bs/hu/company/serendi-sa,"Budapest, Vármegye u. 3, 1052 Hungary"
110,Budapest,mikro,CloudStorm,"Ügyfélszolgálat, Terméktámogatás",0,https://dreamjo.bs/hu/company/cloudstorm,"Budapest, Gizella út 42-44, 1143 Hungary"
111,Budapest,kis,"Marom Klub/Bánkitó,Auróra",Kommunikáció és Marketing,0,https://dreamjo.bs/hu/company/marom-klubbankitoaurora,"Budapest, Auróra u. 11, 1084 Magyarország"
112,Budapest,közép,PPH Media,Telekommunikáció és Média,0,https://dreamjo.bs/hu/company/pph-media,"Budapest, Montevideo u. 3, 1037 Hungary"
113,Budapest,közép,Realeyes,Kutatás-fejlesztés,0,https://dreamjo.bs/hu/company/realeyes,"Budapest, Tölgyfa u. 24, 1027 Hungary"
114,Budapest,közép,Sonrisa Informatika,Szoftverfejlesztés,0,https://dreamjo.bs/hu/company/sonrisa-informatikai-kft,"Budapest, Bég u. 3, 1022 Hungary"
115,Budapest,kis,TruckIN,"Ügyfélszolgálat, Terméktámogatás",0,https://dreamjo.bs/hu/company/truckin,"Budapest, Sas u. 10, 1051 Magyarország"
116,Budapest,kis,UNICEF Magyarország,Jog,0,https://dreamjo.bs/hu/company/unicef-magyarorszag,"Budapest, Wesselényi u. 16, 1077 Magyarország"
117,Budapest,mikro,Drops,Oktatás,0,https://dreamjo.bs/hu/company/drops,"J. Vilmsi 11, 10126 Tallinn, Estonia"
118,Wien,kis,Yipbee,Élelmiszer és Gasztronómia,0,https://dreamjo.bs/hu/company/yipbee-ltd,"Kaiserstraße 68, 1070 Wien, Österreich"
119,Budapest,mikro,MKB Fintechlab,"Pénzügy, Könyvelés",0,https://dreamjo.bs/hu/company/mkb-fintechlab,"Budapest, Nyugati tér 5, 1132 Magyarország"
120,Budapest,mikro,Happiness Inc.,Kommunikáció és Marketing,0,https://dreamjo.bs/hu/company/happiness-inc,"Budapest, Raoul Wallenberg u. 11, 1136 Magyarország"
121,Budapest,kis,All You Can Move SportPass,Sport,0,https://dreamjo.bs/hu/company/all-you-can-move-sportpass,"Budapest, Károlyi utca 11, 1053 Magyarország"
122,Budapest,közép,Tresorit,Szoftverfejlesztés,0,https://dreamjo.bs/hu/company/tresorit,"Budapest, Lechner Ödön fasor 6, 1095 Ungarn"
123,Budapest,mikro,The Missing Particle,Szoftverfejlesztés,1,https://dreamjo.bs/hu/company/the-missing-particle,"Budapest, II. János Pál pápa tér, 1081 Hungary"
124,Budapest,mikro,Brains on Trains,Kommunikáció és Marketing,0,https://dreamjo.bs/hu/company/brains-on-trains,"Budapest, Károly krt. 25, 1075 Magyarország"
125,Budapest,kis,PM-Institute,"Ügyfélszolgálat, Terméktámogatás",0,https://dreamjo.bs/hu/company/pm-institute,"Budapest, Montevideo u. 3b, 1037 Magyarország"
126,Budapest,kis,Digital Natives,Szoftverfejlesztés,1,https://dreamjo.bs/hu/company/digital-natives,"Budapest, Andrássy út 66, 1062 Hungary"
127,Budapest,kis,DONE.,Egyéb,0,https://dreamjo.bs/hu/company/done,"Budapest, Tűzoltó u. 66, 1094 Hungary"
128,Budapest,kis,360world Europe Kft.,Szoftverfejlesztés,1,https://dreamjo.bs/hu/company/360world-europe-kft,"Budapest, Meredek u. 15, 1124 Magyarország"
129,Budapest,mikro,Plukkido Games,Szoftverfejlesztés,0,https://dreamjo.bs/hu/company/plukkido-games-kft,"Budapest, Zichy Jenő u. 30, 1066 Hungary"
130,Budapest,kis,GAMELAB Zrt.,"Szórakoztatás, Kikapcsolódás",0,https://dreamjo.bs/hu/company/gamelab,"Budapest, Szép u. 3, 1053 Hungary"
131,Budapest,nagy,KPMG,"Pénzügy, Könyvelés",0,https://dreamjo.bs/hu/company/kpmg,"Budapest, Váci út 31, 1134 Magyarország"
132,Budapest,kis,Canecom,Szoftverfejlesztés,0,https://dreamjo.bs/hu/company/canecom,"Budapest, Montevideo u. 7, 1037 Hungary"
133,Budapest,közép,THERMO ÉPGÉP,"Ingatlan, Építőipar",0,https://dreamjo.bs/hu/company/thermo-epgep,"Budapest, Mártírok útja 75, 1205 Magyarország"
134,Heves,mikro,Tickething,"Ügyfélszolgálat, Terméktámogatás",0,https://dreamjo.bs/hu/company/tickething,"Budapest, Pannónia u. 32, 1136 Hungary, Mosaik"
135,Budapest,nagy,Deloitte Hungary,"Pénzügy, Könyvelés",0,https://dreamjo.bs/hu/company/deloitte-hungary,"Budapest, Dózsa György út 84c, 1068 Magyarország, Deloitte Zrt."
136,Budapest,kis,META-INF,"Mérnöki, Műszaki",0,https://dreamjo.bs/hu/company/meta-inf,"Budapest, Nagy Diófa u. 15, 1072 Hungary"
137,Budapest,kis,Minusplus Generáltervező Kft.,"Ingatlan, Építőipar",0,https://dreamjo.bs/hu/company/minusplus-generaltervezo-kft,"Budapest, Orlay u. 4, 1114 Hungary"
138,Budapest,mikro,Bene Studio,Szoftverfejlesztés,1,https://dreamjo.bs/hu/company/bene-studio,"Budapest, Andrássy út 66, 1062 Hungary"
139,Budapest,nagy,Budapest Airport Zrt.,Utazás és Vendéglátás,0,https://dreamjo.bs/hu/company/budapest-airport-zrt,"Budapest, 1185 Magyarország, Budapest Nemzetközi Repülőtér"
140,Budapest,mikro,Plus Creative Agency,Kommunikáció és Marketing,0,https://dreamjo.bs/hu/company/plus-creative-agency,"Budapest, Bajcsy-Zsilinszky út 72, 1054 Magyarország"
141,Budapest,nagy,Dorsum,Szoftverfejlesztés,0,https://dreamjo.bs/hu/company/dorsum,"Budapest, Logodi u. 5, 1012 Hungary"
142,Budapest,kis,EU Edge,Szoftverfejlesztés,1,https://dreamjo.bs/hu/company/eu-edge,"Budapest, Tölgyfa u. 24, 1027 Hungary"
143,Budapest,kis,Lounge Communication,Kommunikáció és Marketing,0,https://dreamjo.bs/hu/company/lounge-communication,"Budapest, Orbánhegyi út 5, 1126 Hungary"
144,Debrecen,kis,Web-Server Kft.,Szoftverfejlesztés,1,https://dreamjo.bs/hu/company/web-server-kft-1,"Debrecen, Kossuth u. 42, 4024 Magyarország"
145,Budapest,kis,StartMeUp Hungary,Szoftverfejlesztés,0,https://dreamjo.bs/hu/company/start-me-up-hungary,"Budapest, Markó u. 7, 1055 Hungary"
146,Budapest,kis,Café PR,Kommunikáció és Marketing,1,https://dreamjo.bs/hu/company/cafe-pr,"Budapest, Seregély u. 5, 1037 Magyarország"
147,Budapest,mikro,bancard,"Pénzügy, Könyvelés",0,https://dreamjo.bs/hu/company/bancard,"Budapest, Teréz krt. 25, 1067 Magyarország"
148,Budaörs,kis,CHS Hungary Kft.,"Ügyfélszolgálat, Terméktámogatás",0,https://dreamjo.bs/hu/company/chs-hungary-kft,"Budaörs, Vasút u. 15, 2040 Magyarország"
149,Budapest,nagy,Ecolab,"Ügyfélszolgálat, Terméktámogatás",0,https://dreamjo.bs/hu/company/ecolab,"Budapest, Váci út 81, 1139 Hungary"
150,Budapest,kis,Madhouse,Telekommunikáció és Média,1,https://dreamjo.bs/hu/company/madhouse,"Budapest, Paulay Ede u. 55, 1061 Magyarország"
151,Budapest,kis,eVisit,Kommunikáció és Marketing,2,https://dreamjo.bs/hu/company/evisit,"Budapest, Tanuló u. 1, 1033 Magyarország"
152,Budapest,kis,ALLWIN Informatika,Szoftverfejlesztés,2,https://dreamjo.bs/hu/company/allwin-informatika,"Budapest, Zenta u. 1, 1111 Hungary"
153,Budapest,mikro,Socialize,Kommunikáció és Marketing,0,https://dreamjo.bs/hu/company/socialize,"Budapest, Ürömi u. 48, 1023 Magyarország"
154,Debrecen,kis,EDMdesigner,Design,0,https://dreamjo.bs/hu/company/edmdesignercom,"Budapest, Angyal u. 1-3, 1094 Magyarország"
155,Budapest,nagy,EY,"Pénzügy, Könyvelés",0,https://dreamjo.bs/hu/company/ey,"Budapest, Váci út 20, 1132 Hungary"
156,Budapest,nagy,Itron Labs,Kutatás-fejlesztés,0,https://dreamjo.bs/hu/company/itron-center-of-excellence,"Budapest, Deák Ferenc u. 15, 1052 Magyarország"
157,Budapest,kis,Maven7,"Ügyfélszolgálat, Terméktámogatás",0,https://dreamjo.bs/hu/company/maven-7,"Budapest, Margit-sziget, 1138 Magyarország"
158,Budapest,kis,Taxify,Utazás és Vendéglátás,0,https://dreamjo.bs/hu/company/taxify,"Budapest, Homonna u. 2, 1118 Hungary"
159,Budapest,közép,Gamma Digital,"Mérnöki, Műszaki",0,https://dreamjo.bs/hu/company/gamma-digital,"Budapest, Petzvál József u. 50-52, 1119 Magyarország"
160,Budapest,mikro,HostMyFlat,"Ingatlan, Építőipar",0,https://dreamjo.bs/hu/company/hostmyflat,"Budapest, Jókai tér 3, 1061 Magyarország"
161,Budapest,mikro,Arsboni,Jog,1,https://dreamjo.bs/hu/company/arsboni-1,"Budapest, Somlói út 51, 1016 Magyarország"
162,Budapest,kis,Cellum Group,Szoftverfejlesztés,1,https://dreamjo.bs/hu/company/cellum-group,"Budapest, Erzsébet krt. 18, 1073 Magyarország"
163,Miskolc,kis,Codecool,Oktatás,3,https://dreamjo.bs/hu/company/codecool,"Budapest, Nagymező u. 44, 1065 Hungary"
164,Paris,kis,Vinci,Szoftverfejlesztés,0,https://dreamjo.bs/hu/company/vinci,"38 Rue du Sentier, 75002 Paris, France"
165,Budapest,közép,Emarsys Technologies,Szoftverfejlesztés,1,https://dreamjo.bs/hu/company/emarsys-technologies,"Budapest, Kossuth Lajos u. 7, 1053 Magyarország"
166,Budapest,kis,GBaRT Design Studio,Szoftverfejlesztés,0,https://dreamjo.bs/hu/company/gbart-design-studio,"Budapest, Frankel Leó út 45, 1023 Magyarország"
167,Szeged,kis,Red Steed Studios,Szoftverfejlesztés,0,https://dreamjo.bs/hu/company/red-steed-studios-kft,"Szeged, Kossuth Lajos sgrt. 72, 6724 Hungary"
168,Budapest,mikro,Bitrise,Szoftverfejlesztés,0,https://dreamjo.bs/hu/company/bitrise,"Budapest, Bocskai út 77, 1113 Hungary"
169,Budapest,kis,Commsignia,Szoftverfejlesztés,0,https://dreamjo.bs/hu/company/commsignia,"Budapest, Lónyay u. 31, 1093 Hungary"
170,Budapest,kis,GroupM,Kommunikáció és Marketing,0,https://dreamjo.bs/hu/company/groupm,"Budapest, Alkotás u. 53, 1123 Magyarország"
171,Budapest,mikro,KAPTÁR Közösségi Iroda,"Ingatlan, Építőipar",0,https://dreamjo.bs/hu/company/kaptar-kozossegi-iroda,"Budapest, Révay köz 4, 1065 Hungary"
172,Budapest,kis,DesignDonum,Gyártás,0,https://dreamjo.bs/hu/company/designdonum,"Budapest, Soroksári út 150, 1095 Magyarország"
173,Budapest,kis,INDE R&D Kft.,"Mérnöki, Műszaki",0,https://dreamjo.bs/hu/company/inde-rd-kft,"Budapest, Bogdáni út 1, 1033 Hungary"
174,Budapest,kis,Jacsomedia Smart Web App.,Szoftverfejlesztés,0,https://dreamjo.bs/hu/company/jacsomedia,"Budapest, Szegedi út 35-37, 1135 Magyarország"
175,Budapest,közép,Planorama Europe,Kutatás-fejlesztés,0,https://dreamjo.bs/hu/company/planorama-europe,"Budapest, Dohány u. 12, 1074 Hungary"
176,Budapest,kis,C3S Kft.,"Mérnöki, Műszaki",2,https://dreamjo.bs/hu/company/c3s-kft,"Budapest, Könyves Kálmán krt. 12-14., 1097 Hungary"
177,Debrecen,mikro,CodeYard,Szoftverfejlesztés,0,https://dreamjo.bs/hu/company/codeyard-kft,"Debrecen, Hal köz 3, 4025 Magyarország"
178,Budapest,nagy,Hortonworks,Szoftverfejlesztés,0,https://dreamjo.bs/hu/company/hortonworks,"Budapest, Wesselényi u. 16, 1077 Hungary"
179,Szeged,mikro,Avantázs Kft.,"Ügyfélszolgálat, Terméktámogatás",0,https://dreamjo.bs/hu/company/avantazs-kft,"Szeged, Jobb fasor 10, 6726 Hungary"
180,Budapest,mikro,Rendi.hu,"Ügyfélszolgálat, Terméktámogatás",1,https://dreamjo.bs/hu/company/rendihu,"Budapest, Váci út 168, 1138 Magyarország"
181,Budapest,kis,B-Payment,"Pénzügy, Könyvelés",0,https://dreamjo.bs/hu/company/b-payment,"Budapest, Váci út 4, 1132 Magyarország"
182,Budapest,kis,Shapr3D,"Mérnöki, Műszaki",0,https://dreamjo.bs/hu/company/shapr3d,"Budapest, Bajcsy-Zsilinszky út 12, 1051 Hungary"
183,Budapest,közép,BPO AUDIT TAX,"Pénzügy, Könyvelés",0,https://dreamjo.bs/hu/company/bpo-audit-tax,"Budapest, Zichy Géza u. 5, 1146 Hungary"
184,Budapest,kis,Laptopszaki.hu,"Ügyfélszolgálat, Terméktámogatás",0,https://dreamjo.bs/hu/company/laptopszakihu,"Budapest, Rakéta u. 23, 1214 Magyarország"
185,Budapest,közép,Atoll,Szoftverfejlesztés,1,https://dreamjo.bs/hu/company/atoll-technologies-kft,"Budapest, Váci út 76, 1133 Hungary"
186,Budapest,kis,Synetiq,Kutatás-fejlesztés,0,https://dreamjo.bs/hu/company/synetiq,"Budapest, Váci u. 47, 1056 Magyarország"
187,Budapest,mikro,Etheal,Egészségügy,0,https://dreamjo.bs/hu/company/etheal,"Budapest, Krisztina krt. 99, 1016 Magyarország"
188,Budapest,mikro,Inflex Studio,Szoftverfejlesztés,0,https://dreamjo.bs/hu/company/inflex-studio,"Budapest, Hercegprímás u. 18, 1051 Hungary"
189,Budapest,kis,Logiscool,Oktatás,0,https://dreamjo.bs/hu/company/logiscool,"Budapest, Bartók Béla út, 1114 Magyarország, Bartók Ház"
190,Budapest,kis,Mcule,Egészségügy,0,https://dreamjo.bs/hu/company/mcule,"Budapest, Bartók Béla út 152, 1115 Hungary"
191,Budapest,mikro,Miutcánk,Kommunikáció és Marketing,0,https://dreamjo.bs/hu/company/miutcank,"Budapest, Istenhegyi út 52, 1125 Magyarország"
192,Budapest,mikro,The22s,Design,0,https://dreamjo.bs/hu/company/the22s,"Budapest, Galvani u. 2, 1117 Magyarország"
193,Budapest,kis,Exalt Interactive,Design,0,https://dreamjo.bs/hu/company/exalt-interactive,"Budapest, Pozsonyi út 44-46, 1137 Hungary"
194,Budapest,mikro,IYASSU,"Divat, Szépség",0,https://dreamjo.bs/hu/company/iyassu,"Budapest, Benczúr u. 10, 1068 Magyarország"
195,Budapest,közép,POSSIBLE CEE,Kommunikáció és Marketing,0,https://dreamjo.bs/hu/company/possile-cee,"Budapest, Bocskai út 134, 1113 Hungary"
196,Budakeszi,mikro,Baconsult,Üzlet és Menedzsment,0,https://dreamjo.bs/hu/company/baconsult-kft,"Budapest, Pauler u. 1, 1013 Magyarország"
197,Budapest,mikro,HACKY,Szoftverfejlesztés,0,https://dreamjo.bs/hu/company/hacky,"Budapest, Váci út 189, 1138 Magyarország"
198,Budaörs,nagy,Invitech Megoldások Zrt.,Szoftverfejlesztés,0,https://dreamjo.bs/hu/company/invitech-megoldasok-zrt,"Budaörs, Edison u. 4, 2040 Magyarország"
199,Budapest,közép,Enor Kft,"Ingatlan, Építőipar",2,https://dreamjo.bs/hu/company/enor-kft,"Budapest, Margit krt. 64, 1027 Magyarország"
200,Budapest,közép,Attrecto,Szoftverfejlesztés,0,https://dreamjo.bs/hu/company/attrecto,"Budapest, Pannónia u. 32, 1136 Hungary"
201,Budapest,kis,Bluebird International Zrt.,Telekommunikáció és Média,0,https://dreamjo.bs/hu/company/bluebird-international-zrt,"Budapest, Madách Imre út 14, 1075 Hungary"
202,Budapest,kis,Stylers Group,Szoftverfejlesztés,0,https://dreamjo.bs/hu/company/stylers-group,"Budapest, Gogol u. 26, 1133 Magyarország"
203,Kaposvár,kis,Vadvirág Alapítvány,"Ügyfélszolgálat, Terméktámogatás",0,https://dreamjo.bs/hu/company/vadvirag-alapitvany,"Kaposvár, Németh István fasor 27, 7400 Magyarország"
204,Budapest,közép,W.UP,Szoftverfejlesztés,2,https://dreamjo.bs/hu/company/wup,"Budapest, Ganz u. 16, 1027 Magyarország"
205,Budapest,közép,GRANTIS,"Pénzügy, Könyvelés",0,https://dreamjo.bs/hu/company/grantis,"Budapest, Paulay Ede u. 65, 1061 Magyarország"
206,Budapest,kis,PROGEN,"Ügyfélszolgálat, Terméktámogatás",0,https://dreamjo.bs/hu/company/progen,"Budapest, Homonna u. 8a, 1118 匈牙利"
207,Budapest,kis,Relatív Kft.,Kommunikáció és Marketing,0,https://dreamjo.bs/hu/company/relativ-reklamuegynoekseg,"Budapest, Városligeti fasor 8b, 1068 Hungary"
208,Budapest,közép,Balabit,Szoftverfejlesztés,0,https://dreamjo.bs/hu/company/balabit,"Budapest, Alíz utca 2, 1116 Magyarország"
209,Budapest,közép,CAE Engineering Kft,"Mérnöki, Műszaki",0,https://dreamjo.bs/hu/company/cae-engineering-kft,"Budapest, Kelenhegyi út 43, 1118 Magyarország"
210,Budapest,mikro,WebAnd,Szoftverfejlesztés,0,https://dreamjo.bs/hu/company/weband-ltd,"Budapest, Soroksári út 48, 1095 Magyarország"
211,Budapest,közép,Ghibli Cégcsoport,"Ügyfélszolgálat, Terméktámogatás",0,https://dreamjo.bs/hu/company/ghibli-cegcsoport,"1211 Budapest, Petróleum u. 2, Magyarország"
212,Budapest,kis,Mindshare,Telekommunikáció és Média,0,https://dreamjo.bs/hu/company/mindshare,"Budapest, Alkotás u. 53, 1123 Magyarország"
213,Budapest,kis,ONLINET Group Zrt.,"Ügyfélszolgálat, Terméktámogatás",0,https://dreamjo.bs/hu/company/onlinet-group-zrt,"Budapest, Budaörsi út 161, 1112 Magyarország"
214,Budapest,mikro,ReCreativity Social Enterprise,"Divat, Szépség",0,https://dreamjo.bs/hu/company/recreativity-social-enterprise,"Budapest, Török u. 2, 1023 Magyarország"
215,Budapest,mikro,Bóné Ügyvédi Iroda,Jog,0,https://dreamjo.bs/hu/company/bone-uegyvedi-iroda,"Budapest, Lajos u. 74, 1036 Magyarország"
216,Budapest,nagy,TRIGO Group,"Mérnöki, Műszaki",0,https://dreamjo.bs/hu/company/trigo-group,"Budapest, Népfürdő u. 22, 1138 Magyarország, Duna Tower Office Building"
217,Budapest,kis,Wanari,Szoftverfejlesztés,1,https://dreamjo.bs/hu/company/wanari,"Budapest, Anker köz 2, 1061 Hungary"
218,Budapest,mikro,Doklist.com,Egészségügy,0,https://dreamjo.bs/hu/company/doklistcom,"Budapest, Gizella út 42, 1143 Magyarország"
219,Budapest,kis,RecruIT Kft.,Egyéb,0,https://dreamjo.bs/hu/company/recruit-kft,"Budapest, Árpád fejedelem útja 26, 1023 Magyarország"
220,Budapest,kis,fps agency,"Mérnöki, Műszaki",0,https://dreamjo.bs/hu/company/fps-agency,"Budapest, Dohány u. 12, 1074 Hungary"
221,Budapest,nagy,GE Digital Careers Hungary,Üzlet és Menedzsment,0,https://dreamjo.bs/hu/company/ge-digital-careers-hungary,"Budapest, Váci út 119, 1138 Magyarország"
222,Budapest,kis,Schönherz Iskolaszövetkezet,Üzlet és Menedzsment,0,https://dreamjo.bs/hu/company/schoenherz-iskolaszoevetkezet,"Budapest, Bartók Béla út 152, 1115 Magyarország"
223,Esztergom,nagy,Cloudagents,"Ügyfélszolgálat, Terméktámogatás",0,https://dreamjo.bs/hu/company/cloudagents,"Budapest, Könyves Kálmán krt. 12, 1097 Hungary"
224,Sopron,közép,Wabi Beauty Center,"Divat, Szépség",0,https://dreamjo.bs/hu/company/wabi-beauty-center,"Sopron, Bécsi út 3, 9400 Magyarország"
225,Budapest,mikro,edUcate,Oktatás,0,https://dreamjo.bs/hu/company/educate,"Budapest, Vörösmarty u. 48, 1064 Magyarország"
226,Budapest,kis,Pharmax Kft.,Egészségügy,0,https://dreamjo.bs/hu/company/pharmax-kft,"Budapest, Zay út 3, 1037 Magyarország"
227,"Budapest, IX. kerület",közép,Polifoam Kft. ,Gyártás,0,https://dreamjo.bs/hu/company/polifoam-kft,"Budapest, Soroksári út 110-112, 1095 Magyarország"
228,Prague,nagy,Air France - KLM Cargo,"Ügyfélszolgálat, Terméktámogatás",0,https://dreamjo.bs/hu/company/air-france-klm-cargo,"Aviatická 1039/6, Ruzyně, 161 00 Praha-Praha 6, Czechia"
229,Budapest,közép,Priv-Dat,Üzlet és Menedzsment,0,https://dreamjo.bs/hu/company/priv-dat,"Budapest, Weiss Manfréd út 5, 1211 Magyarország"
230,Kaposvár,mikro,The Cave,Üzlet és Menedzsment,0,https://dreamjo.bs/hu/company/the-cave,"Budapest, Vígszínház u. 5, 1137 Magyarország"
231,Budapest,kis,Ultinous,"Mérnöki, Műszaki",0,https://dreamjo.bs/hu/company/ultinous,"Budapest, Budafoki út 209, 1117 Hungary"
232,Budapest,közép,Wavemaker,Kommunikáció és Marketing,0,https://dreamjo.bs/hu/company/wavemaker,"Budapest, Alkotás u. 53, 1123 Magyarország"
233,Gödöllő,kis,EW 1867 Hungária Kft,"Mérnöki, Műszaki",0,https://dreamjo.bs/hu/company/ew-1867-hungaria-kft,"Gödöllő, Pattantyús Ábrahám krt. 2, 2100 Magyarország, Gödöllői Üzleti Park Zrt."
234,Budapest,kis,IKO Digital,Telekommunikáció és Média,0,https://dreamjo.bs/hu/company/iko-digital,"Budapest, Hűvösvölgyi út 64, 1021 Hungary"
235,Debrecen,kis,INNONIC,Szoftverfejlesztés,0,https://dreamjo.bs/hu/company/innonic-group,"Debrecen, Kassai út 129, 4033 Magyarország"
236,Budapest,mikro,Converzum Közérdekű Nyugdíjas Szövetkezet,"Emberi erőforrás, HR",0,https://dreamjo.bs/hu/company/converzum-kozerdeku-nyugdijas-szovetkezet,"Budapest, Lajos u. 11-15, 1023 Magyarország"
237,Kaposvár,mikro,Person,Kommunikáció és Marketing,3,https://dreamjo.bs/hu/company/person-communications,"Budapest, Vígszínház u. 5, 1137 Magyarország"
238,Budakalász,kis,Prolan Innolab,"Mérnöki, Műszaki",0,https://dreamjo.bs/hu/company/prolan-innolab,"Budakalász, Szentendrei út 1, 2011 Magyarország"
239,Budapest,mikro,Recart,eCommerce,0,https://dreamjo.bs/hu/company/recart,"Budapest, Victor Hugo u. 11-15, 1132 Hungary"
240,Budapest,kis,Számlázz.hu,"Pénzügy, Könyvelés",0,https://dreamjo.bs/hu/company/szamlazzhu,"Budapest, Záhony u. 7, 1031 Magyarország"
241,Budapest,mikro,Vannet,Telekommunikáció és Média,0,https://dreamjo.bs/hu/company/vannet,"Budapest, Hauszmann Alajos u. 2, 1116 Magyarország"
242,Budapest,közép,Dentsu Aegis Network,Kommunikáció és Marketing,1,https://dreamjo.bs/hu/company/dentsu-aegis-network,"Budapest, Kacsa u. 15, 1027 Hungary"
243,Budapest,mikro,Webabstract,Design,0,https://dreamjo.bs/hu/company/webabstract,"Budapest, Szemere u. 19, 1054 Magyarország"
244,Budapest,nagy,ELMŰ-ÉMÀSZ,"Ügyfélszolgálat, Terméktámogatás",0,https://dreamjo.bs/hu/company/elmu-emasz,"Budapest, Váci út 72-74, 1132 Magyarország"
245,Budapest,kis,Helpers Hungary Kft,"Ügyfélszolgálat, Terméktámogatás",0,https://dreamjo.bs/hu/company/helpers-hungary-kft,"Budapest, Kapás u. 11, 1027 Magyarország"
246,Budapest,kis,Neo Interactive,Kommunikáció és Marketing,0,https://dreamjo.bs/hu/company/neo-interactive,"Budapest, Gombocz Zoltán u. 9, 1118 Magyarország"
247,Kaposvár,mikro,PaintCocktail,"Szórakoztatás, Kikapcsolódás",0,https://dreamjo.bs/hu/company/paintcocktail,"Budapest, Vígszínház u. 5, 1137 Magyarország"
248,Budapest,kis,BIG FISH,Szoftverfejlesztés,0,https://dreamjo.bs/hu/company/big-fish,"Budapest, Skála Metró Irodaház, Nyugati tér 1, 1066 Hungary"
249,Budapest,mikro,SEO Tech,Kommunikáció és Marketing,0,https://dreamjo.bs/hu/company/seo-tech,"Budapest, Blaha Lujza tér 1, 1085 Hungary"
250,Budapest,kis,BOOKR Kids,"Szórakoztatás, Kikapcsolódás",2,https://dreamjo.bs/hu/company/bookr-kids,"Budapest, Jókai u. 6, 1066 Magyarország"
251,Budapest,mikro,Expiee.com,Utazás és Vendéglátás,0,https://dreamjo.bs/hu/company/travelot,"Budapest, Teréz krt. 2-4, 1066 Hungary"
252,Budapest,mikro,Deverest,Szoftverfejlesztés,0,https://dreamjo.bs/hu/company/deverest,"Budapest, Lágymányosi u. 16, 1111 Hungary"
253,Budapest,mikro,DO-Q-MENT Kft.,"Ügyfélszolgálat, Terméktámogatás",0,https://dreamjo.bs/hu/company/do-q-ment-kft,"Budapest, Tüzér u. 30, 1134 Magyarország"
254,Pécs,kis,Y-collective,Szoftverfejlesztés,0,https://dreamjo.bs/hu/company/y-collective,"Pécs, Kazinczy u. 2, 7621 Magyarország"
255,Budapest,kis,VeryCreatives,Szoftverfejlesztés,0,https://dreamjo.bs/hu/company/verycreatives,"Budapest, Fő u. 10, 1011 Hungary"
256,Budapest,kis,GWS Hub - SSC Heroes,"Emberi erőforrás, HR",0,https://dreamjo.bs/hu/company/gws-hub-ssc-heroes,"Budapest, Galagonya u. 5, 1036 Magyarország"
257,Budapest,közép,P-Group,"Ingatlan, Építőipar",0,https://dreamjo.bs/hu/company/p-group,"Budapest, Zászlós u. 42, 1143 Magyarország"
258,Budapest,kis,Budapesti Fesztiválzenekar,"Szórakoztatás, Kikapcsolódás",0,https://dreamjo.bs/hu/company/budapesti-fesztivalzenekar,"Budapest, Polgár u. 8, 1033 Magyarország"
259,Budapest,közép,Vamosi Milano,Gyártás,0,https://dreamjo.bs/hu/company/vamosi-milano,"Budapest, Petzvál József u. 46, 1119 Magyarország"
260,Budapest,közép,Work Force,"Ügyfélszolgálat, Terméktámogatás",0,https://dreamjo.bs/hu/company/work-force-kft,"Budapest, Váci út 49, 1134 Magyarország"
261,Budapest,nagy,Duna Autó az Autóváros,Üzlet és Menedzsment,0,https://dreamjo.bs/hu/company/duna-auto-az-autovaros,"Budapest, Zay út 24, 1037 Magyarország"
262,Budapest,kis,Zen Heads,Üzlet és Menedzsment,0,https://dreamjo.bs/hu/company/zen-heads,"Budapest, Báthory utca 17, 1054 Hungary"
263,Budapest,kis,4DMOTION,"Mérnöki, Műszaki",0,https://dreamjo.bs/hu/company/imind,"Budapest, Andrássy út 66, 1062 Hungary"
264,Budapest,kis,Viddo.com,Egyéb,2,https://dreamjo.bs/hu/company/viddocom,"Budapest, Muskotály u. 11, 1118 Magyarország"
265,Budapest,kis,TrueMotion,Szoftverfejlesztés,0,https://dreamjo.bs/hu/company/truemotion,"Budapest, Fő u. 14-18, 1011 Hungary"
266,Budapest,közép,MORTOFF Kft.,"Ügyfélszolgálat, Terméktámogatás",0,https://dreamjo.bs/hu/company/mortoff-kft,"Budapest, Dunavirág u. 2-6, 1138 Magyarország"
267,Budapest,nagy,NOKIA,Üzlet és Menedzsment,0,https://dreamjo.bs/hu/company/nokia,"Budapest, Bókay János u. 36, 1083 Magyarország"
268,Budapest,kis,Reflexshop,"Szórakoztatás, Kikapcsolódás",0,https://dreamjo.bs/hu/company/reflexshop,"Budapest, Eötvös u. 39, 1067 Magyarország, Reflexshop"
269,Budapest,közép,BCA Hungary,Üzlet és Menedzsment,0,https://dreamjo.bs/hu/company/bca-hungary,"Budapest, Infopark stny. 1, 1117 匈牙利"
270,Budapest,közép,Chronos Systems,Szoftverfejlesztés,0,https://dreamjo.bs/hu/company/chronos-systems-ltd,"Budapest, Tüzér u. 30, 1134 Hungary"
271,Budapest,kis,UHU Systems,Szoftverfejlesztés,0,https://dreamjo.bs/hu/company/uhu-systems,"Budapest, Mohai út 38-42, 1119 Hungary"
272,Budapest,kis,DataLogic,Szoftverfejlesztés,0,https://dreamjo.bs/hu/company/datalogic-kft,"Budapest, Visegrádi u. 64, 1132 Magyarország"
273,Budapest,kis,Sprint Consulting,Üzlet és Menedzsment,1,https://dreamjo.bs/hu/company/sprint-consulting,"Budapest, Corvin sétány 2, 1082 Magyarország"
274,Budapest,mikro,Forest & Ray Dental Budapest,Egészségügy,0,https://dreamjo.bs/hu/company/forest-ray-dental-budapest,"Budapest, Csaba u. 10, 1122 Magyarország"
275,Budapest,mikro,Impact,Oktatás,0,https://dreamjo.bs/hu/company/impact,"Budapest, Kálvária tér 18, 1089 Magyarország"
276,Debrecen,kis,Invictus Games Kft.,Szoftverfejlesztés,0,https://dreamjo.bs/hu/company/invictus-games-kft,"Debrecen, Kartács u. 9, 4032 Magyarország"
277,Üröm,kis,KAJAHU,Utazás és Vendéglátás,0,https://dreamjo.bs/hu/company/kajahu,"Üröm, Róka köz 3, 2096 Magyarország"
278,Budapest,kis,Lanterv Mérnöki Iroda Kft.,"Mérnöki, Műszaki",0,https://dreamjo.bs/hu/company/lanterv-mernoeki-iroda-kft,"Budapest, Böszörményi út 20, 1126 Hungary"
279,Budapest,mikro,Medicorp Hungary Zrt.,"Ügyfélszolgálat, Terméktámogatás",0,https://dreamjo.bs/hu/company/medicall,"Budapest, Soroksári út 48, 1095 Magyarország"
280,Szeged,mikro,Metrix Hungary,"Mérnöki, Műszaki",0,https://dreamjo.bs/hu/company/metrix-hungary,"Szeged, Szentháromság u. 46, 6722 Hungary"
281,Debrecen,mikro,Mosaik,Szoftverfejlesztés,0,https://dreamjo.bs/hu/company/mosaik,"Budapest, Pannónia u. 32, 1136 Magyarország"
282,Budapest,nagy,NNG,Szoftverfejlesztés,0,https://dreamjo.bs/hu/company/nng,"Budapest, Szépvölgyi út 35, 1037 Magyarország"
283,Budakeszi,kis,Antavo,Szoftverfejlesztés,1,https://dreamjo.bs/hu/company/antavo,"Szeged, Szentháromság u. 8, 6722 Hungary"
284,Csorna,mikro,AutoPal,Utazás és Vendéglátás,0,https://dreamjo.bs/hu/company/autopal,"Budapest, Révay köz 4, 1065 Hungary"
285,Szeged,kis,Autotherm,Gyártás,0,https://dreamjo.bs/hu/company/autotherm,"Szeged, Napos út 3, 6728 Magyarország, Autotherm Kft. Hűtőautó, hűtős felépítmény"
286,Budapest,nagy,Borsodi Sörgyár ,Gyártás,0,https://dreamjo.bs/hu/company/borsodi-soergyar-kft,"Budapest, Váci út 187, 1138 Magyarország"
287,Budapest,közép,UTB Envirotec,"Mérnöki, Műszaki",0,https://dreamjo.bs/hu/company/utb-envirotec-zrt,"Budapest, Lomb u. 15, 1139 Magyarország"
288,Budapest,mikro,Gather Interior,Design,0,https://dreamjo.bs/hu/company/gather-interior,"Budapest, Kárpát u. 11, 1133 Hungary"
289,Budapest,kis,Gizmodo Media Group Hungary,Telekommunikáció és Média,0,https://dreamjo.bs/hu/company/gizmodo-media-group,"Budapest, Andrássy út 66, 1062 Hungary"
290,Budapest,közép,IBM Budapest Lab,Szoftverfejlesztés,0,https://dreamjo.bs/hu/company/ibm-budapest-lab,"Budapest, Andrássy út 39, 1061 Hungary"
291,Csolnok,kis,Invenshure,Szoftverfejlesztés,0,https://dreamjo.bs/hu/company/invenshure,"Budapest, Fehérvári út 50, 1117 Hungary"
292,Budapest,mikro,L!BER8 TECHNOLOGY,"Mérnöki, Műszaki",0,https://dreamjo.bs/hu/company/lber8-technology-kft,"Budapest, Balzac u. 8, 1136 Magyarország"
293,Budapest,kis,N-Ware,Szoftverfejlesztés,0,https://dreamjo.bs/hu/company/n-ware,"Budapest, Gömb u. 24, 1139 Magyarország"
294,Debrecen,kis,Nebu Hungary,Kutatás-fejlesztés,0,https://dreamjo.bs/hu/company/nebu-hungary,"Debrecen, Csapó u. 30, 4024 Magyarország"
295,Budapest,kis,Parkour Technologies,Kutatás-fejlesztés,3,https://dreamjo.bs/hu/company/parkour,"Budapest, Papnövelde u. 10, 1056 Hungary"
296,Budapest,mikro,AGL Group,Telekommunikáció és Média,0,https://dreamjo.bs/hu/company/agl-group,"Budapest, Jókai u. 6, 1066 Hungary"
297,Budapest,kis,SCOLVO,Szoftverfejlesztés,0,https://dreamjo.bs/hu/company/scolvo-zrt,"Budapest, Bartók Béla út 105, 1115 Hungary"
298,Budapest,kis,CATTS Hungary,"Ügyfélszolgálat, Terméktámogatás",0,https://dreamjo.bs/hu/company/catts-hungary,"Budapest, Márvány u. 18, 1012 Hungary"
299,Budapest,nagy,Transferwise,"Mérnöki, Műszaki",0,https://dreamjo.bs/hu/company/transferwise,"Budapest, Lajos u. 126, 1036 Hungary"
300,Budapest,kis,UXstudio,Design,0,https://dreamjo.bs/hu/company/uxstudio,"Budapest, Dohány u. 33, 1074 匈牙利"
301,Budapest,kis,DTC Enterprise,"Mérnöki, Műszaki",0,https://dreamjo.bs/hu/company/dtc-enterprise,"Budapest, Kálvin tér 12, 1085 Magyarország"
302,Budapest,mikro,xLabs,Oktatás,0,https://dreamjo.bs/hu/company/xlabs,"Budapest, Madách Imre út 11, 1075 匈牙利"
303,Budapest,kis,eClick Apps,Szoftverfejlesztés,0,https://dreamjo.bs/hu/company/eclick-apps,"Budapest, Meredek u. 15, 1124 Magyarország"
304,Budapest,kis,Ergománia,Design,0,https://dreamjo.bs/hu/company/ergomania-kft,"Budapest, Váci u. 81, 1056 Magyarország"
305,Székesfehérvár,kis,Kendel,"Ingatlan, Építőipar",0,https://dreamjo.bs/hu/company/kendel,"Székesfehérvár, Erzsébet út 34, 8000 Magyarország"
306,Budapest,közép,liligo.com,Utazás és Vendéglátás,3,https://dreamjo.bs/hu/company/liligocom,"Budapest, Nagymező u. 44, 1065 Magyarország"
307,Budapest,kis,GLI Solutions,"Ügyfélszolgálat, Terméktámogatás",0,https://dreamjo.bs/hu/company/mapcatcom,"Budapest, Szerémi út 7b, 1117 Hungary"
308,Budapest,kis,MiniCRM Zrt.,Szoftverfejlesztés,0,https://dreamjo.bs/hu/company/minicrm-zrt,"Budapest, Madách Imre út 13, 1075 Hungary"
309,Budapest,kis,now technologies ltd.,Egészségügy,0,https://dreamjo.bs/hu/company/now-technologies-ltd,"Budapest, Reáltanoda utca 18, 1053 Hungary"
310,Budapest,közép,Astron Informatikai Kft.,Szoftverfejlesztés,0,https://dreamjo.bs/hu/company/astron-informatikai-kft,"Budapest, Budafoki út 56, 1117 Magyarország"
311,Budapest,közép,Roar,"Pénzügy, Könyvelés",0,https://dreamjo.bs/hu/company/roar,"Budapest, Váci u. 81, 1056 Magyarország"
312,Budapest,nagy,Betsson Group,"Szórakoztatás, Kikapcsolódás",0,https://dreamjo.bs/hu/company/betsson-group,"Budapest, Tinódi u. 1, 1095 Hungary"
313,Budapest,kis,Studio IN-EX,"Ingatlan, Építőipar",0,https://dreamjo.bs/hu/company/studio-in-ex,"Budapest, Könyves Kálmán krt. 11, 1097 Magyarország"
314,Budapest,nagy,Unilever,Gyártás,0,https://dreamjo.bs/hu/company/unilever,"Budapest, Váci út 182, 1138 Magyarország"
315,Debrecen,kis,DataExpert,Kutatás-fejlesztés,0,https://dreamjo.bs/hu/company/dataexpert,"Debrecen, Vendég u. 84, 4026 Magyarország"
316,Balatonföldvár,kis,VERSENYHAJÓ,Szoftverfejlesztés,5,https://dreamjo.bs/hu/company/versenyhajo,"Budapest, Batthyány u. 2, 1015 Magyarország"
317,Budapest,mikro,Wattler,"Mérnöki, Műszaki",0,https://dreamjo.bs/hu/company/wattler,"Budapest, Páva u. 8, 1094 Hungary"
318,Budapest,közép,Elegran,Szoftverfejlesztés,0,https://dreamjo.bs/hu/company/elegran,"Budapest, Attila út 15, 1013 Hungary"
319,Budapest,mikro,Emerald PR,Kommunikáció és Marketing,0,https://dreamjo.bs/hu/company/emerald-pr,"Budapest, Karinthy Frigyes út 14, 1111 Magyarország"
320,Budapest,kis,ENERGENS Kft.,"Pénzügy, Könyvelés",0,https://dreamjo.bs/hu/company/energens-kft,"Budapest, Bartók Béla út 152, 1115 Magyarország"
321,Budapest,kis,Hajtás Pajtás,"Ügyfélszolgálat, Terméktámogatás",0,https://dreamjo.bs/hu/company/hajtas-pajtas,"Budapest, Király u. 83, 1077 Magyarország"
322,Budapest,mikro,Hamar Productivity Consulting,Oktatás,0,https://dreamjo.bs/hu/company/hamar-consulting,"Budapest, Ráday u. 31, 1092 Magyarország"
323,Budapest,kis,Indivizo,"Ügyfélszolgálat, Terméktámogatás",0,https://dreamjo.bs/hu/company/indivizo,"Budapest, Alkotás u. 17-19, 1123 Hungary"
324,Budapest,kis,MelkwegDigital,Design,2,https://dreamjo.bs/hu/company/melkweg-digital,"Budapest, Pacsirtamező u. 41, 1036 Magyarország"
325,Gödöllő,kis,NetGo.hu Kft.,eCommerce,0,https://dreamjo.bs/hu/company/netgohu-kft,"Gödöllő, Dózsa György út 13, 2100 Magyarország"
326,Warszawa,Multi,Roche,Egészségügy,0,https://dreamjo.bs/hu/company/roche,"Wybrzeże Gdyńskie 6B, 00-001 Warszawa, Poland"
327,Budapest,mikro,Noldus Information Technology,Szoftverfejlesztés,0,https://dreamjo.bs/hu/company/noldus-information-technology,"Budapest, Paulay Ede u. 8, 1061 Hungary"
328,Budapest,mikro,PalmStorm,Szoftverfejlesztés,0,https://dreamjo.bs/hu/company/palmstorm,"Budapest, Lehel u. 12, 1134 Magyarország"
329,Budapest,kis,Play'n GO,Szoftverfejlesztés,1,https://dreamjo.bs/hu/company/playn-go,"Budapest, Deák Ferenc u., 1052 Magyarország"
330,Budapest,Multi,Accenture,Szoftverfejlesztés,2,https://dreamjo.bs/hu/company/accenture,"Budapest, Hauszmann Alajos u. 2, 1116 Hungary"
331,Budapest,mikro,Samebug,"Ügyfélszolgálat, Terméktámogatás",0,https://dreamjo.bs/hu/company/samebug,"Budapest, Paulay Ede u. 55, 1061 Hungary"
332,Budapest,kis,SentiOne,Gyártás,0,https://dreamjo.bs/hu/company/sentione,"Budapest, Mészáros u. 58a, 1016 Węgry"
333,Budapest,nagy,Bonafarm Csoport,Gyártás,0,https://dreamjo.bs/hu/company/bonafarm-csoport,"Budapest, Alkotás u. 53, 1123 Magyarország"
334,Budapest,kis,Smartfront kft,Üzlet és Menedzsment,0,https://dreamjo.bs/hu/company/smartfront-kft,"Budapest, Váci út 18, 1132 Hungary"
335,Budapest,közép,SwiconGroup,"Emberi erőforrás, HR",0,https://dreamjo.bs/hu/company/swicongroup,"Budapest, Záhony u. 7, 1031 Magyarország"
336,Budapest,mikro,Wuuff.dog,"Szórakoztatás, Kikapcsolódás",0,https://dreamjo.bs/hu/company/wuuffdog,"Budapest, Kőér u. 2, 1103 Hungary"
337,Budapest,mikro,Euro Team Car Kft.,"Ügyfélszolgálat, Terméktámogatás",0,https://dreamjo.bs/hu/company/euro-team-car-kft,"Budapest, Lakatos út 65, 1184 Magyarország"
338,Budapest,mikro,Flight Refund Kft.,"Ügyfélszolgálat, Terméktámogatás",0,https://dreamjo.bs/hu/company/flight-refund-kft,"Budapest, Rózsahegy u. 1, 1024 Magyarország"
339,Győr,kis,Gravity R&D,Kutatás-fejlesztés,2,https://dreamjo.bs/hu/company/gravity-rd,"Budapest, Villányi út 40b, 1113 Hungary"
340,Budapest,kis,Green Fox Academy,Oktatás,6,https://dreamjo.bs/hu/company/green-fox-academy,"Budapest, Andrássy út 66, 1062 Magyarország"
341,Budapest,mikro,Hadron Talent Center,"Emberi erőforrás, HR",0,https://dreamjo.bs/hu/company/hadron-talent-center,"Budapest, Andrássy út 10, 1061 Hungary"
342,Debrecen,kis,HandInScan,Egészségügy,0,https://dreamjo.bs/hu/company/hand-in-scan,"Budapest, Ménesi út 39, 1118 Hungary"
343,Budaörs,nagy,Invitel,Telekommunikáció és Média,0,https://dreamjo.bs/hu/company/invitel-zrt,"Budaörs, Edison u. 4, 2040 Magyarország"
344,Budapest,kis,J. Walter Thompson Budapest,Kommunikáció és Marketing,0,https://dreamjo.bs/hu/company/j-walter-thompson-budapest,"Budapest, Révész u. 27, 1138 Hungary"
345,Budapest,kis,Symbol Tech Zrt.,Szoftverfejlesztés,0,https://dreamjo.bs/hu/company/symbol-tech-zrt,"Budapest, Lehel u. 61, 1135 Magyarország"
346,Budapest,kis,Lounge Group,Kommunikáció és Marketing,0,https://dreamjo.bs/hu/company/lounge-group,"Budapest, Nagyenyed u. 16, 1123 Magyarország"
347,Budapest,mikro,maform,"Mérnöki, Műszaki",0,https://dreamjo.bs/hu/company/maform,"Budapest, Hauszmann Alajos u. 2, 1116 Magyarország"
348,Miercurea Ciuc,mikro,MUTINY STUDIO,Egyéb,2,https://dreamjo.bs/hu/company/mutiny-studio,"Strada Leliceni 49/b, Miercurea Ciuc Romania"
349,Budapest,kis,Neticle,Telekommunikáció és Média,1,https://dreamjo.bs/hu/company/neticle-technologies,"Budapest, Leonardo da Vinci utca 41, 1082 Magyarország"
350,Budapest,kis,Oktafone,Oktatás,0,https://dreamjo.bs/hu/company/oktafone,"Budapest, Borbély u. 5, 1132 Hungary"
351,Budapest,mikro,Pearl Hunt,"Emberi erőforrás, HR",0,https://dreamjo.bs/hu/company/pearl-hunt,"Budapest, Ürömi u. 42, 1023 Magyarország"
352,Budapest,közép,4Life Direct,"Pénzügy, Könyvelés",0,https://dreamjo.bs/hu/company/4life-direct,"Budapest, Madarász Viktor u. 47, 1138 Magyarország"
353,Budapest,kis,Plus Group Kft.,Utazás és Vendéglátás,0,https://dreamjo.bs/hu/company/plus-group-kft,"Budapest, Polgár u. 8, 1033 Magyarország"
354,Székesfehérvár,közép,Alcoa,Gyártás,0,https://dreamjo.bs/hu/company/alcoa,"Székesfehérvár, Verseci u. 15, 8000 Magyarország"
355,Miskolc,kis,PV Napenergia,"Mérnöki, Műszaki",0,https://dreamjo.bs/hu/company/pv-napenergia,"Miskolc, Harang u. 6, 3521 Magyarország"
356,Budapest,közép,Saatchi & Saatchi Budapest,Kommunikáció és Marketing,0,https://dreamjo.bs/hu/company/saatchi-saatchi-budapest,"Budapest, Montevideo u. 10, 1037 Magyarország"
357,Budapest,kis,Battlejungle,"Ügyfélszolgálat, Terméktámogatás",0,https://dreamjo.bs/hu/company/battlejungle,"Budapest, Soroksári út 48, 1095 Hungary"
358,Budakeszi,közép,BlackBelt Technology,Szoftverfejlesztés,7,https://dreamjo.bs/hu/company/blackbelt-technology,"Budapest, Királyfürdő u. 4, 1027 Magyarország"
359,Budapest,mikro,SpringTab,"Ügyfélszolgálat, Terméktámogatás",0,https://dreamjo.bs/hu/company/springtab,"Budapest, Káldy Gyula u. 4, 1061 Magyarország"
360,Budapest,kis,Stamford Global,Oktatás,0,https://dreamjo.bs/hu/company/stamford-global,"Budapest, Vármegye u. 3, 1052 Magyarország"
361,Pori,mikro,The Mealplanner,Kutatás-fejlesztés,0,https://dreamjo.bs/hu/company/the-mealplanner,"Budapest, Erzsébet krt. 26, 1073 Magyarország"
362,Budapest,mikro,CertUnion,"Mérnöki, Műszaki",0,https://dreamjo.bs/hu/company/certunion,"Budapest, Bocskai út 77-79, 1113 Magyarország"
363,Budapest,közép,Cheppers,Szoftverfejlesztés,4,https://dreamjo.bs/hu/company/cheppers,"Budapest, Szent István krt. 22, 1137 Magyarország"
364,Debrecen,kis,TyToo Body Art,Gyártás,0,https://dreamjo.bs/hu/company/tytoo-body-art,"Debrecen, Nyugati u. 7, 4025 匈牙利"
365,Miskolc,közép,United Call Centers Kft.,"Ügyfélszolgálat, Terméktámogatás",0,https://dreamjo.bs/hu/company/united-call-centers-kft,"Miskolc, Kis-Hunyad u. 9, 3525 Magyarország"
366,Budapest,közép,United Consult,Szoftverfejlesztés,0,https://dreamjo.bs/hu/company/united-consult,"Budapest, Bogdánfy Ödön utca 6, 1117 Magyarország"
367,Budapest,kis,Cu-Technik,"Ingatlan, Építőipar",0,https://dreamjo.bs/hu/company/cu-technik,"Budapest, Tarkarét u. 2b, 1106 Magyarország"
368,Budapest,kis,DRUKKA,"Ügyfélszolgálat, Terméktámogatás",3,https://dreamjo.bs/hu/company/drukka,"Budapest, Váci út 168, 1138 Magyarország"
369,Budapest,nagy,XAPT,Szoftverfejlesztés,0,https://dreamjo.bs/hu/company/xapt,"Budapest, Rétköz u. 5, 1118 Hungary"
370,Budapest,közép,Dyntell Software,Szoftverfejlesztés,0,https://dreamjo.bs/hu/company/dyntell-software,"Debrecen, Csapó u. 28, 4024 Magyarország"
371,Győr,közép,Xbody,"Divat, Szépség",0,https://dreamjo.bs/hu/company/xbody,"Győr, Török Ignác u. 66, 9028 Hungary"
372,Budapest,mikro,eSpace,"Ingatlan, Építőipar",0,https://dreamjo.bs/hu/company/espace,"Budapest, Király u. 43-45, 1077 Hungary"
373,Budapest,kis,Parkl,Szoftverfejlesztés,0,https://dreamjo.bs/hu/company/parkl,"Budapest, Arany János u. 15, 1051 Magyarország"
374,Budapest,kis,GoodID,Szoftverfejlesztés,0,https://dreamjo.bs/hu/company/goodid,"Budapest, Riadó u. 7, 1026 Magyarország"
375,Budapest,kis,Hello Wood,"Ingatlan, Építőipar",0,https://dreamjo.bs/hu/company/hello-wood,"Budapest, Kisfaludy u. 19, 1082 Magyarország"
376,Budapest,mikro,Hive Creative Kft.,Kommunikáció és Marketing,0,https://dreamjo.bs/hu/company/hive-creative-kft,"Budapest, Baross u. 10, 1085 Magyarország"
377,Budapest,közép,HRN,Oktatás,0,https://dreamjo.bs/hu/company/hrn,"Budapest, Alkotás u. 48-50, 1123 Hungary"
378,Pomáz,kis,Infosector,"Ügyfélszolgálat, Terméktámogatás",0,https://dreamjo.bs/hu/company/infosector,"Budapest, Rómer Flóris u. 4, 1024 Hungary"
379,Budapest,kis,lab.Coop,Üzlet és Menedzsment,0,https://dreamjo.bs/hu/company/labcoop,"Budapest, Andrássy út 66, 1062 Hungary"
380,Budapest,kis,PS Creative Agency,Kommunikáció és Marketing,1,https://dreamjo.bs/hu/company/ps-creative-agency,"Budapest, Dob u. 16, 1072 Hungary"
381,Budapest,mikro,Loffice Budapest,"Ingatlan, Építőipar",0,https://dreamjo.bs/hu/company/loffice-budapest,"Budapest, Paulay Ede u. 55, 1061 Magyarország"
382,Budapest,mikro,Loginform Kft.,Szoftverfejlesztés,0,https://dreamjo.bs/hu/company/loginform-kft,"Budapest, Lehel u. 61, 1135 Magyarország"
383,Felsőlajos,kis,Márka Üdítő,Gyártás,0,https://dreamjo.bs/hu/company/marka-uedito,"Felsőlajos, 6055 Magyarország, Márka Üdítőgyártó Kft. Üzem"
384,Budapest,kis,Max & Future,Kommunikáció és Marketing,0,https://dreamjo.bs/hu/company/max-future,"Budapest, Budafoki út 59, 1111 Magyarország"
385,Budapest,kis,Maxus,Telekommunikáció és Média,0,https://dreamjo.bs/hu/company/maxus,"Budapest, Alkotás u. 53, 1123 Magyarország"
386,Budapest,kis,Mediuscom Kft.,Szoftverfejlesztés,0,https://dreamjo.bs/hu/company/mediuscom-kft,"Budapest, Infopark stny. 1, 1117 Magyarország"
387,Budapest,kis,IVSZ,Egyéb,0,https://dreamjo.bs/hu/company/ivsz,"Budapest, Wesselényi u., 1077 Magyarország"
388,Pécs,mikro,MV NetSystems Kft.,"Mérnöki, Műszaki",0,https://dreamjo.bs/hu/company/mv-netsystems-kft,"Pécs, Nyírfa u. 24, 7622 Magyarország"
389,Hajdúböszörmény,közép,NAGÉV RÁCS Kft.,Gyártás,0,https://dreamjo.bs/hu/company/nagev-racs-kft,"Hajdúböszörmény, Kinizsi Pál u. 7, 4220 Magyarország"
390,Budapest,kis,Optoforce,"Mérnöki, Műszaki",0,https://dreamjo.bs/hu/company/optoforce,"Budapest, Aradi u. 16, 1043 Magyarország"
391,Budapest,mikro,p2m Consulting,"Mérnöki, Műszaki",0,https://dreamjo.bs/hu/company/p2m-consulting,"Budapest, Victor Hugo u. 24a, 1132 Hungary"
